{"cameraMode":{"drawMode":0,"name":"Shaded","section":"Shading Mode"},"sceneLighting":true,"audioPlay":false,"sceneViewState":{"showFog":true,"showMaterialUpdate":false,"showSkybox":true,"showFlares":true,"showImageEffects":true,"showParticleSystems":true},"in2DMode":false,"pivot":{"x":-24.54538345336914,"y":-10.888427734375,"z":-0.2953948974609375},"rotation":{"x":-0.007032772991806269,"y":-0.9651539921760559,"z":0.2602854371070862,"w":-0.026072271168231965},"size":176.22483825683595,"orthographic":false}