{"cameraMode":{"drawMode":0,"name":"Shaded","section":"Shading Mode"},"sceneLighting":true,"audioPlay":false,"sceneViewState":{"showFog":true,"showMaterialUpdate":false,"showSkybox":true,"showFlares":true,"showImageEffects":true,"showParticleSystems":true},"in2DMode":false,"pivot":{"x":9.442546844482422,"y":-1.6251182556152344,"z":31.254165649414064},"rotation":{"x":-0.1437644213438034,"y":0.8350357413291931,"z":-0.25889822840690615,"w":-0.4637012481689453},"size":58.977325439453128,"orthographic":false}